{"per_fold_accs": [0.974430823117338, 0.9638353765323993, 0.9665499124343258, 0.9619089316987741, 0.9635726795096322, 0.964185639229422, 0.968739054290718, 0.9432574430823117, 0.9678633975481611, 0.9620840630472854, 0.962784588441331, 0.9692644483362521, 0.9669001751313485, 0.9698774080560421, 0.9651488616462347, 0.9556042031523643, 0.9620840630472854, 0.9542031523642732, 0.9713660245183888, 0.9682136602451838, 0.9619089316987741, 0.9621716287215412, 0.9514010507880911, 0.9719789842381786, 0.9630472854640981, 0.9683887915936953, 0.9569176882661996, 0.952539404553415, 0.9685639229422066, 0.9600700525394046], "per_fold_bal_accs": [0.9563966070255439, 0.9337237302977233, 0.9368979859894921, 0.9292359894921192, 0.9356939579684763, 0.9324649737302977, 0.946311295971979, 0.878995183887916, 0.9666155866900175, 0.9290170753064799, 0.9366790718038529, 0.9402364273204904, 0.9336690017513134, 0.943739054290718, 0.9333953590192644, 0.9138025394045535, 0.9304947460595447, 0.9052101576182137, 0.9394154991243433, 0.9407289842381786, 0.9103546409807355, 0.9197132224168125, 0.9152802101576182, 0.9516199649737302, 0.9279772329246936, 0.9390323992994747, 0.9049365148861646, 0.9429181260945709, 0.9412762697022767, 0.9154443957968477]}